Timestamp,TagName,Value,Quality,Units
2026-10-25 01:59:40,PT-101,8.02,192,bar
2026-10-25 01:59:40,FT-102,41.5,192,m3/h
2026-10-25 01:59:41,PT-101,8.03,192,bar
2026-10-25 01:59:41,FT-102,41.6,192,m3/h
2026-10-25 01:59:42,PT-101,803,192,kPa
2026-10-25 01:59:42,FT-102,41.7,192,m3/h
2026-10-25 01:59:43,PT-101,8.05,192,bar
2026-10-25 01:59:43,FT-102,I/O Timeout,0,m3/h
2026-10-25 01:59:44,PT-101,8.04,192,bar
2026-10-25 01:59:44,FT-102,41.8,64,m3/h
2026-10-25 01:59:44,PT-101,8.04,192,bar
2026-10-25 01:59:45,FT-102,41.8,192,m3/h
2026-10-25 01:59:46,FT-102,41.8,192,m3/h
2026-10-25 01:59:47,FT-102,41.8,192,m3/h
2026-10-25 01:59:48,FT-102,41.8,192,m3/h
2026-10-25 01:59:58,PT-101,8.06,192,bar
2026-10-25 01:59:58,FT-102,41.9,192,m3/h
2026-10-25 02:00:01,PT-101,8.07,192,bar
2026-10-25 02:00:01,FT-102,42.0,192,m3/h
2026-10-25 01:59:50,PT-101,8.06,192,bar
